{
  "EVI": {
    "mean": 0.38348936365859604,
    "std": 0.1591200302042145
  },
  "NDVI": {
    "mean": 0.5465945019386632,
    "std": 0.2985626427549383
  },
  "evi_delta": {
    "mean": -0.056025721687283515,
    "std": 0.15948348889339947
  },
  "evi_delta2": {
    "mean": -0.07218074601400327,
    "std": 0.16833275460849262
  },
  "ndvi_delta": {
    "mean": -0.07566793932456611,
    "std": 0.37131699714026184
  },
  "ndvi_delta2": {
    "mean": -0.08305436374426792,
    "std": 0.41882850314390874
  },
  "day_length_hrs": {
    "mean": 11.601024354735614,
    "std": 1.7236735260376557
  },
  "doy_minus_avg_middle": {
    "mean": -5.422547380985418,
    "std": 46.287064252937874
  },
  "mode_label_7day": {
    "mean": 0.5585450921773791,
    "std": 1.0393697603722216
  }
}