{
  "EVI": {
    "mean": 0.3804703405364536,
    "std": 0.15725254533947686
  },
  "NDVI": {
    "mean": 0.5447019556240489,
    "std": 0.29786961535845735
  },
  "evi_delta": {
    "mean": -0.05617046346793052,
    "std": 0.1634613880169158
  },
  "evi_delta2": {
    "mean": -0.07133650897513476,
    "std": 0.17643492623073884
  },
  "ndvi_delta": {
    "mean": -0.07482943750936673,
    "std": 0.3738182883750685
  },
  "ndvi_delta2": {
    "mean": -0.07903169664531218,
    "std": 0.42376091934540416
  },
  "day_length_hrs": {
    "mean": 11.481830903854924,
    "std": 1.6014660525901028
  },
  "doy_minus_avg_middle": {
    "mean": -0.6438516232945278,
    "std": 46.52341048539834
  },
  "mode_label_7day": {
    "mean": 0.8407007687758723,
    "std": 1.30133794922745
  }
}