{
  "train_loss": [
    0.8981277621709384,
    0.4303096930185954,
    0.3810977775316972,
    0.35524732638628054,
    0.34059178485320163,
    0.330054148267477,
    0.3208805078115219,
    0.3158992804013766,
    0.3064322062791922,
    0.2960965159611824,
    0.29066007985518527,
    0.2834609063007893,
    0.2747094016044568,
    0.27044301499158907,
    0.2626051092759157,
    0.2558688200437106,
    0.2588108502901517,
    0.24777248005072275,
    0.24922421268927744,
    0.23798731007637122,
    0.23734514720928976,
    0.22969157420671904,
    0.2248144405774581,
    0.22574735566591606,
    0.2200893068160766,
    0.21349835739685938,
    0.21355684598286948,
    0.20981287497740525,
    0.20904573072225618,
    0.20095998851152566,
    0.20159810208357298,
    0.19982891357862032,
    0.19473339502628034,
    0.1955622816697145,
    0.195040490764838,
    0.19065989611240533,
    0.18605779054073188,
    0.1876899139621319,
    0.192800142062016,
    0.18618606699582857,
    0.18156859469719422,
    0.1788996268923466,
    0.17853461091335004,
    0.17415997825371912,
    0.1695969752394236,
    0.16877924326138619,
    0.17205520069751984,
    0.17044254526113853,
    0.16643362893508032,
    0.16196249482723382,
    0.1609707682942733,
    0.1611969115642401,
    0.15937723677891952,
    0.16020756635146263,
    0.15622469591788757,
    0.1537904536876923,
    0.15299790734663987,
    0.14991778555588844,
    0.15036927240017134,
    0.15376163751651079
  ],
  "val_loss": [
    0.5261736611525217,
    0.4223749621046914,
    0.38901780049006146,
    0.37735315495067173,
    0.3639562494224972,
    0.35973473058806527,
    0.3479705982738071,
    0.34164565470483566,
    0.3399943643146091,
    0.3300437082846959,
    0.3229314751095242,
    0.3209686047501034,
    0.30908641550276017,
    0.30147896375921035,
    0.29338202791081536,
    0.2881244379613135,
    0.28316881507635117,
    0.2753213047981262,
    0.27359458141856724,
    0.2853200559814771,
    0.2671135324570868,
    0.2615905437204573,
    0.25509823113679886,
    0.2570569697353575,
    0.24968152079317305,
    0.2507738479309612,
    0.24353660063611138,
    0.2496950858169132,
    0.23852928479512533,
    0.23538011560837427,
    0.24245052536328635,
    0.2338531588514646,
    0.23371165908045238,
    0.22722328537040287,
    0.23138143701685798,
    0.232487248049842,
    0.22629554900858137,
    0.229118755294217,
    0.22706053157647452,
    0.22425560653209686,
    0.2190573439002037,
    0.22280742724736533,
    0.2204850266377131,
    0.21713553286261028,
    0.2167993974354532,
    0.23528982450564703,
    0.2163933159576522,
    0.2137448208199607,
    0.2172805608974563,
    0.21771342845426667,
    0.21746494786606896,
    0.21546145694123375,
    0.2095360904932022,
    0.20803014644318157,
    0.21150083219011626,
    0.20612064169512856,
    0.2085080552432272,
    0.20758645277884272,
    0.20379479477802911,
    0.20688453978962368
  ],
  "val_acc": [
    0.869024715110256,
    0.8881900251590943,
    0.8908539292585467,
    0.8944058013911499,
    0.896551724137931,
    0.8970697054906024,
    0.8989936362290958,
    0.9008435696314933,
    0.9015095456563563,
    0.9030634897143703,
    0.9070593458635489,
    0.9069113511913571,
    0.9126831434068373,
    0.9124611513985497,
    0.9136451087760841,
    0.9169009915643037,
    0.9171229835725914,
    0.9180109516057422,
    0.9209708450495783,
    0.9192689063193725,
    0.9246707118543732,
    0.9258546692319076,
    0.9294065413645108,
    0.9292585466923191,
    0.9311824774308125,
    0.9320704454639633,
    0.9344383602190321,
    0.9332544028414977,
    0.9356963149326625,
    0.9359183069409501,
    0.9340683735385527,
    0.9362142962853337,
    0.9366582803019091,
    0.9398401657540328,
    0.9382862216960189,
    0.9393961817374574,
    0.9414681071481427,
    0.9370282669823886,
    0.938212224359923,
    0.941986088500814,
    0.9430220512061566,
    0.9407281337871837,
    0.9428000591978689,
    0.9447979872724582,
    0.9433920378866361,
    0.9339943762024567,
    0.9428740565339648,
    0.9447239899363623,
    0.943466035222732,
    0.9446499926002664,
    0.9428000591978689,
    0.9445759952641705,
    0.9474618913719106,
    0.9478318780523901,
    0.9460559419860886,
    0.9476838833801983,
    0.946425928666568,
    0.9490158354299245,
    0.9483498594050614,
    0.947165902027527
  ],
  "training_time_sec": 176.39190983772278
}