{
  "train_loss": [
    0.8804083312495371,
    0.5019947936695613,
    0.43083931421965693,
    0.3975840793566757,
    0.3763663390379273,
    0.3645250780528851,
    0.3509989335630717,
    0.34298003155193973,
    0.33653241061092765,
    0.32789619719044544,
    0.32262904322549196,
    0.31803152567884896,
    0.31325258465295425,
    0.3174439862872777,
    0.31141581913728394,
    0.30532384538248686,
    0.3047389838467823,
    0.30116663772738383,
    0.3010488606235954,
    0.29833972219670757,
    0.296797876612524,
    0.2995477852861533,
    0.29287595544638256,
    0.29756396406152275,
    0.2917151573333847,
    0.28827414636531573,
    0.28606515201959715,
    0.2861501495824771,
    0.2848630306426059,
    0.28795571775918594,
    0.28307292735978457,
    0.2830029561948241,
    0.28027617512794023,
    0.28338610891545757,
    0.27904890946457894,
    0.27509389717257426,
    0.27681933175981716,
    0.2760387325889609,
    0.27394808041915464,
    0.2730696318524607,
    0.2787738209694959,
    0.27361244197641865,
    0.26968163955077695,
    0.27055376466740383,
    0.27055413317814303,
    0.26771932421775346,
    0.26923372521159356,
    0.2670951003438971,
    0.26641871135556294,
    0.26799620336361146,
    0.26507843712742407,
    0.2657653948899065,
    0.2656762348801902,
    0.26417032671108676,
    0.2631402101074712,
    0.2632301113243853,
    0.2642585310373413,
    0.26198565491129844,
    0.26110695553629587,
    0.2641332901260826,
    0.26024176280819966,
    0.2582601263616862,
    0.2605084574289536,
    0.2589350602265154,
    0.25898273958918755,
    0.2579742040527001,
    0.2608282700013579,
    0.25763335472412324,
    0.2577442047971018,
    0.2555714219473721,
    0.25501317254612954,
    0.2545884561337782,
    0.2556397380788675,
    0.2536649362424786,
    0.25491627983832627,
    0.2538270449705338,
    0.2521109514022141,
    0.25359037317586747,
    0.2512114905239491,
    0.2524799625860171,
    0.25875386043211046,
    0.2515616974468981,
    0.2497260140234165,
    0.25193670927808526,
    0.24914710056245998,
    0.24725120422545444,
    0.25098276155048543,
    0.25053240559744033,
    0.2482064724638221,
    0.244737905230415,
    0.24715112149715424,
    0.25169216766116326,
    0.24593355129943806,
    0.24618071066529562,
    0.24663630546478743,
    0.2459782353612814,
    0.24292569197295757,
    0.24484081331933483,
    0.24548410398236822,
    0.24431148087710478
  ],
  "val_loss": [
    0.4010923253862481,
    0.3698259003852543,
    0.35224289956845733,
    0.3423987956423509,
    0.33745683651221425,
    0.33222434434451553,
    0.33206485564771454,
    0.3249281040932003,
    0.32584506861473383,
    0.3197605758905411,
    0.31411347891155045,
    0.3135067679380116,
    0.3096830417451106,
    0.30871357611919703,
    0.3072288738269555,
    0.3090629118837808,
    0.30310473865584325,
    0.30479490364852707,
    0.30074647225831685,
    0.30020000001317576,
    0.2992074564099312,
    0.29846674870503576,
    0.300006061008102,
    0.29885462240168925,
    0.3097739741206169,
    0.2947604154285632,
    0.29133527765148565,
    0.2886480045946021,
    0.28702410781069804,
    0.28812254337888016,
    0.2894638557183115,
    0.28499850317051534,
    0.28376867543709905,
    0.28530068499477285,
    0.2903231907831995,
    0.2809921346212688,
    0.2852801657036731,
    0.28318061758028834,
    0.28100951133589996,
    0.2780834287405014,
    0.27775770229728597,
    0.27699685135954305,
    0.2793070858246402,
    0.27703583867926346,
    0.2755073720687314,
    0.27813679999426794,
    0.27742642125016764,
    0.2782818063309318,
    0.2706179689419897,
    0.2780517002469615,
    0.27147711891877024,
    0.2718486848630403,
    0.281674967000359,
    0.2697250019562872,
    0.267309233546257,
    0.2688416430824681,
    0.265616527121318,
    0.26651140655341904,
    0.2675503802142645,
    0.26817884805955383,
    0.26464649956477315,
    0.2664157599210739,
    0.2680162559998663,
    0.26329537167360906,
    0.2618206735504301,
    0.26063695197042663,
    0.2670809273657046,
    0.2603050662498725,
    0.2633816627295394,
    0.25757230230067907,
    0.25796629410041005,
    0.2555954221047853,
    0.26227095958433655,
    0.263198069835964,
    0.25523999058886576,
    0.25222660365857574,
    0.2525088967461335,
    0.25586593229519694,
    0.2494723679203736,
    0.25317271759635523,
    0.25164173386598887,
    0.24769100429196106,
    0.25257971059334905,
    0.24594143346736305,
    0.24858516415483073,
    0.24837877993520938,
    0.24448983449684947,
    0.25471033626481104,
    0.24779623001813889,
    0.24506888303317523,
    0.2564740380958507,
    0.2429998630755826,
    0.24385025509093938,
    0.2444141648317638,
    0.2436308566676943,
    0.2445049211382866,
    0.24112951167319951,
    0.24228131143670334,
    0.23863924569205233,
    0.2435836933161083
  ],
  "val_acc": [
    0.9112450567674448,
    0.9144342390611048,
    0.916953693073096,
    0.9188034188034188,
    0.9190585533869116,
    0.9211953055236637,
    0.9189628779181018,
    0.9233639494833524,
    0.9212909809924735,
    0.9259790789641535,
    0.9280201556320959,
    0.9272547518816175,
    0.9279882638091593,
    0.9290088021431305,
    0.9288493430284475,
    0.9302525832376579,
    0.93079474422758,
    0.9306990687587703,
    0.9307309605817069,
    0.9300293404771016,
    0.9319747416762342,
    0.9320385253221074,
    0.9294871794871795,
    0.9313050133945656,
    0.924830973338436,
    0.9317833907386146,
    0.9329952800102054,
    0.9334417655313177,
    0.9329952800102054,
    0.933505549177191,
    0.9324531190202832,
    0.9343347365735425,
    0.9347493302717184,
    0.9337606837606838,
    0.9301887995917847,
    0.9342390611047328,
    0.9335693328230642,
    0.9351001403240209,
    0.9348131139175915,
    0.9352914912616405,
    0.9343666283964791,
    0.9350682485010843,
    0.9351639239698941,
    0.9360887868350555,
    0.9363439214185483,
    0.9348450057405281,
    0.9351958157928307,
    0.9355785176680699,
    0.9371731088148999,
    0.9336969001148105,
    0.9368860824084705,
    0.9358017604286261,
    0.9308585278734532,
    0.9368541905855339,
    0.9368860824084705,
    0.9365990560020411,
    0.9372687842837096,
    0.937555810690139,
    0.9364395968873581,
    0.9371412169919633,
    0.9372687842837096,
    0.9377471616277586,
    0.9365033805332312,
    0.9376195943360123,
    0.938512565378237,
    0.9387676999617298,
    0.9359293277203725,
    0.9387039163158566,
    0.9381617553259344,
    0.9397244546498278,
    0.9390228345452226,
    0.9400114810562572,
    0.9386082408470469,
    0.9387676999617298,
    0.9395649955351448,
    0.9416379640260237,
    0.9410958030361015,
    0.9393736445975251,
    0.9412871539737211,
    0.9400433728791938,
    0.9415741803801505,
    0.9416379640260237,
    0.9400114810562572,
    0.9426903941829315,
    0.9419887740783263,
    0.941223370327848,
    0.9422758004847557,
    0.9412552621507846,
    0.9417336394948336,
    0.9422758004847557,
    0.9387039163158566,
    0.943200663349917,
    0.9425628268911851,
    0.9423395841306289,
    0.9424671514223752,
    0.941701747671897,
    0.9433920142875367,
    0.9423714759535655,
    0.9443487689756347,
    0.942722286005868
  ],
  "training_time_sec": 598.7303202152252
}