{
  "train_loss": [
    0.17876678785141534,
    0.0892407710166733,
    0.06541300264362856,
    0.05289887763105067,
    0.0442306339452514,
    0.038308715649895395,
    0.033424911837400144,
    0.029769805609679213,
    0.027578190652626015,
    0.024866483788638757,
    0.0237951324774646,
    0.022014132238213666,
    0.020576169523559788,
    0.020434509085734753,
    0.019121315840427314,
    0.01805684638841815,
    0.017296376949464433,
    0.01698891018379799,
    0.016397689646867858,
    0.015152483178031632,
    0.01478003553268712,
    0.014719124742451729,
    0.014506900805776707,
    0.013520212109348796,
    0.013789489323849779,
    0.013195913699791456,
    0.013460078621059243,
    0.012524881000968177,
    0.012482375283490145,
    0.01203078911731619,
    0.012145728647204188,
    0.011635505399091396,
    0.01189163957295294,
    0.011617803891087766,
    0.011005904649828736,
    0.011278890427282372,
    0.010529414516943707,
    0.010942781882817913,
    0.010920718216159841,
    0.010671093319034555,
    0.010085990073379823,
    0.0108696531233666,
    0.009524740277644266,
    0.010650820417165165,
    0.009934430843180117,
    0.009914813142496077,
    0.009866784049545985,
    0.010041828800009164,
    0.008960217584314114,
    0.009676506541153753,
    0.009043405549671058,
    0.009801645429367681,
    0.008542876012876524,
    0.009466712959710757,
    0.008761394455701368,
    0.008840074491580608,
    0.00920886175304912,
    0.008388144321539859,
    0.008843491865362473,
    0.008895398942449643
  ],
  "val_loss": [
    0.305995234729428,
    0.265181353413745,
    0.27994561960038383,
    0.27808775105758715,
    0.2708428339346459,
    0.2676295742000404,
    0.27364772479785116,
    0.2908829158466113,
    0.2884383950578539,
    0.30494234083514465,
    0.30001344610201686,
    0.335277101711223,
    0.3190648355766347,
    0.31204859481046077,
    0.29491621138233887,
    0.31557889557198476,
    0.31263548723961176,
    0.32290339783618327,
    0.3272161013201663,
    0.3232084657800825,
    0.33394256351809753,
    0.34270342321772324,
    0.3428578874782512,
    0.3493277340343124,
    0.3524259736663417,
    0.34181941261416987,
    0.34417013823986053,
    0.3380451629820623,
    0.3523850425293571,
    0.3378761308757882,
    0.3481364128621001,
    0.34950949839855494,
    0.3763902752022994,
    0.37300701792302887,
    0.3562823369314796,
    0.35336232695140335,
    0.35972852573583003,
    0.3658621738615789,
    0.3593426715386541,
    0.36193034641052546,
    0.3934689332780085,
    0.37195495986624766,
    0.4012113562540004,
    0.36665687670833186,
    0.35128432825991984,
    0.36108479060624776,
    0.35644985617775665,
    0.36438763376913574,
    0.37382996356800985,
    0.3820569268182704,
    0.3964859251129,
    0.3908895534512244,
    0.4229172009386514,
    0.3915019313755788,
    0.3967057376315719,
    0.39724458048218175,
    0.41068126143593536,
    0.4084177319156496,
    0.42059315741062164,
    0.4089131512139973
  ],
  "val_acc": [
    0.9239380022962113,
    0.9340158183441766,
    0.9332185227707616,
    0.9336650082918739,
    0.938990942722286,
    0.9428817451205511,
    0.9408725602755453,
    0.9417655313177701,
    0.9409682357443552,
    0.9425309350682485,
    0.943200663349917,
    0.9416698558489603,
    0.9435514734022197,
    0.9446039035591275,
    0.946868222987626,
    0.9453374154866692,
    0.9446676872050006,
    0.9455287664242888,
    0.9461347110600842,
    0.9470595739252455,
    0.945592550070162,
    0.9466449802270698,
    0.9466130884041332,
    0.947346600331675,
    0.9469001148105626,
    0.946389845643577,
    0.9481757877280266,
    0.9469320066334992,
    0.9474741676234214,
    0.9498660543436663,
    0.9484947059573925,
    0.9498979461666028,
    0.9485584896032657,
    0.9471233575711188,
    0.9482395713738997,
    0.951715780073989,
    0.94964281158311,
    0.9505676744482715,
    0.9485903814262023,
    0.9497384870519199,
    0.9481120040821533,
    0.9483671386656461,
    0.9471552493940554,
    0.9511736190840668,
    0.9515244291363695,
    0.9494833524684271,
    0.9514925373134329,
    0.9501530807500956,
    0.9477293022069141,
    0.9491325424161245,
    0.94964281158311,
    0.9497703788748565,
    0.9469957902793724,
    0.9501530807500956,
    0.9476974103839776,
    0.9484309223115194,
    0.947187141216992,
    0.9490368669473147,
    0.9480801122592167,
    0.9501849725730322
  ],
  "training_time_sec": 7078.524652957916
}