{
  "train_loss": [
    0.17940449037356015,
    0.08918384539994667,
    0.06537589847894544,
    0.05260001688864904,
    0.04401251339065382,
    0.037675589556735736,
    0.033237731595823376,
    0.030288969113752152,
    0.027659090435357463,
    0.025146855902370025,
    0.02343755146303661,
    0.022087949955920342,
    0.020767347310967146
  ],
  "val_loss": [
    0.3140452298286714,
    0.2913769675712836,
    0.24742918814483442,
    0.28456459900266245,
    0.2594521790742874,
    0.2768099362912931,
    0.27494823207196434,
    0.27785883569403697,
    0.27509414090922,
    0.2925232390039845,
    0.284964551266871,
    0.2976248621156341,
    0.2988383232762939
  ],
  "val_acc": [
    0.9248947569843092,
    0.932070417145044,
    0.9371412169919633,
    0.934302844750606,
    0.9409363439214186,
    0.9406812093379258,
    0.941701747671897,
    0.9422120168388826,
    0.9428179614746779,
    0.9427860696517413,
    0.9453374154866692,
    0.9437747161627759,
    0.9455606582472255
  ],
  "training_time_sec": 1604.6929111480713
}