{
  "EVI": {
    "mean": 0.4051300287246704,
    "std": 0.19669963419437408
  },
  "NDVI": {
    "mean": 0.5508144497871399,
    "std": 0.3192370533943176
  },
  "evi_delta": {
    "mean": -0.013403142802417278,
    "std": 0.16824199259281158
  },
  "evi_delta2": {
    "mean": -0.026887880638241768,
    "std": 0.18141986429691315
  },
  "ndvi_delta": {
    "mean": -0.010364587418735027,
    "std": 0.3861188292503357
  },
  "ndvi_delta2": {
    "mean": -0.022088713943958282,
    "std": 0.4235922396183014
  },
  "day_length_hrs": {
    "mean": 11.919659614562988,
    "std": 2.1078083515167236
  },
  "doy_minus_avg_middle": {
    "mean": -11.801740646362305,
    "std": 58.16993713378906
  },
  "tmean_recent": {
    "mean": 12.201770782470703,
    "std": 9.469087600708008
  }
}