{
  "train_loss": [
    0.9144565442974648,
    0.5376987842361579,
    0.4673538311813655,
    0.4250427688775438,
    0.4092000665959348,
    0.3866398789909449,
    0.3795565507385168,
    0.36587185990274623,
    0.35583065701334665,
    0.34943714235605816,
    0.34596200772885527,
    0.3391431620281734,
    0.3340910172529435,
    0.3284454866406623,
    0.32300164224056716,
    0.32091119399901186,
    0.3153437144970626,
    0.31371282258730254,
    0.3105562034617649,
    0.30464437771379277,
    0.30193947456525955,
    0.29920334109429564,
    0.29845321077979015,
    0.2952688919024521,
    0.29218097650602964,
    0.2922741027360552,
    0.2892207873336385,
    0.2909055296959502,
    0.28997114618842523,
    0.28372167184781494,
    0.2849756269977334,
    0.278581676690766,
    0.2766333908847209,
    0.2786997576777855,
    0.27266960951049674,
    0.2718416644950931,
    0.27283785366610197,
    0.2736027557193563,
    0.2701048097583685,
    0.2690933221176769,
    0.26990697892864096,
    0.26446566755852,
    0.2695886671877979,
    0.26533913428194067,
    0.2625385422385141,
    0.25986424272649744,
    0.2637015052056045,
    0.25845991761496895,
    0.26049078197291725,
    0.2584925913408901,
    0.2628369955869203,
    0.25574528384074735,
    0.256194897582022,
    0.25393616550424125,
    0.25369949588614904,
    0.2544932529497682,
    0.251912200886212,
    0.2507625048080187,
    0.25226088588157397,
    0.250010736035497,
    0.24939201521069815,
    0.25137151911687317,
    0.2497675120830536,
    0.24807856893271543,
    0.2466691921601135,
    0.24822976816906017,
    0.24700071135263765,
    0.24697868341810247,
    0.24639381049724107,
    0.24574902703922785,
    0.24577129389462846,
    0.24494654743858937,
    0.2433295680230923,
    0.24277932138255473,
    0.2499082436722316,
    0.2433204250724128,
    0.24272939780454958,
    0.24277907894568496,
    0.24228203464090153,
    0.24271577194835361,
    0.24153677968496687,
    0.23959968749726757,
    0.23938381320305085,
    0.24045873475208712,
    0.23835103682587655,
    0.23742367109555876,
    0.2409444394406308,
    0.23818906605913398,
    0.23969529050119806,
    0.23772552157385965,
    0.23859000658051352,
    0.2359795595487852,
    0.23574388211362818,
    0.23806968716423163,
    0.2367717069521379,
    0.23980413829342703,
    0.23415765886226397,
    0.24569218413213664,
    0.23521078972334272,
    0.23799740648671483
  ],
  "val_loss": [
    0.4331811713544946,
    0.3920106934873681,
    0.3799628003647453,
    0.3603859081080085,
    0.3568697579597172,
    0.35229706842648356,
    0.34992835945204687,
    0.34041335472935125,
    0.33901255538589076,
    0.33982180490305547,
    0.3344970176878728,
    0.3261380705394243,
    0.32697692121330063,
    0.3209319420550999,
    0.3159024578176047,
    0.311570022843386,
    0.313240181066488,
    0.3090304489198484,
    0.3005038421404989,
    0.2977483249024341,
    0.2954513026695502,
    0.28985078201482173,
    0.29079739043587133,
    0.28418768275725215,
    0.2871918293990587,
    0.2800031484741914,
    0.2782716590322946,
    0.27277653154573944,
    0.27148192258257614,
    0.2733979405541169,
    0.26749961548729945,
    0.26393895047275645,
    0.2686555616949734,
    0.26181451348881973,
    0.2591483542009404,
    0.2573080156978808,
    0.25890400692036275,
    0.257808088472015,
    0.2613358764271987,
    0.2512115600862001,
    0.25027047332964447,
    0.24813969629375557,
    0.2489659088222604,
    0.24970985243194982,
    0.2518570034911758,
    0.2505803061159034,
    0.24842829061181923,
    0.24275806193289004,
    0.24723518443735024,
    0.2452804575625219,
    0.24135936796665192,
    0.24106168472453168,
    0.23874280288031227,
    0.24153124913573265,
    0.24216739402005547,
    0.23801200993751226,
    0.2394731944720996,
    0.23605495691299438,
    0.23585996110188334,
    0.23846553148407684,
    0.23384364478682218,
    0.24475411208052383,
    0.2353827141617474,
    0.23688070789763802,
    0.23402666967166097,
    0.2383348461436598,
    0.23068587364334808,
    0.2404723234082523,
    0.23784319232953222,
    0.23302860891348437,
    0.23037762587007724,
    0.22715711946550168,
    0.2303960903694755,
    0.22835299372673035,
    0.22840188678942228,
    0.23050056005779065,
    0.22503444081858584,
    0.22711103233067612,
    0.22511204077224983,
    0.22498612615622973,
    0.2278460683791261,
    0.2247459478676319,
    0.2286008649358624,
    0.2240211634259475,
    0.2249517299627003,
    0.22460240106049337,
    0.22360649038302272,
    0.22291875552189977,
    0.22592140675375336,
    0.22424258134867014,
    0.2209201851173451,
    0.2219367578233543,
    0.22128095360178696,
    0.2241213304039679,
    0.22686908943088432,
    0.2216499263518735,
    0.22046852131423197,
    0.21953409106323593,
    0.2210317812860012,
    0.22278192168787905
  ],
  "val_acc": [
    0.8939915805587447,
    0.8967342773312923,
    0.8959050899349407,
    0.9026342645745631,
    0.9030488582727388,
    0.9057277713994132,
    0.903750478377344,
    0.9075456053067993,
    0.9083110090572777,
    0.9085023599948973,
    0.9093315473912489,
    0.9125845133307819,
    0.9120104605179232,
    0.9119785686949866,
    0.9142109963005486,
    0.912903431560148,
    0.9170493685419059,
    0.9162520729684909,
    0.919186120678658,
    0.9207488200025513,
    0.9212909809924735,
    0.9219607092741421,
    0.9204617935961219,
    0.9238423268274014,
    0.9210039545860441,
    0.9224709784411277,
    0.9227261130246205,
    0.9256601607347876,
    0.9254369179742314,
    0.9259152953182804,
    0.9275736701109836,
    0.9264893481311391,
    0.9275098864651103,
    0.9277331292256665,
    0.9276374537568567,
    0.9281796147467789,
    0.9275098864651103,
    0.9299017731853553,
    0.9286261002678913,
    0.9306352851128971,
    0.9319428498532976,
    0.931592039800995,
    0.9320066334991708,
    0.9308904196963899,
    0.9305077178211506,
    0.9313369052175022,
    0.9313369052175022,
    0.934462303865289,
    0.9314006888633755,
    0.9326125781349662,
    0.9342390611047328,
    0.935259599438704,
    0.9355147340221968,
    0.9340477101671132,
    0.9329314963643321,
    0.9352277076157673,
    0.9352277076157673,
    0.9362163541268019,
    0.9364714887102947,
    0.9350363566781478,
    0.936280137772675,
    0.9325806863120296,
    0.9350044648552112,
    0.9359612195433091,
    0.9378428370965685,
    0.9360568950121189,
    0.9370774333460901,
    0.9347493302717184,
    0.9350044648552112,
    0.9366309478249777,
    0.9384168899094272,
    0.9389271590764128,
    0.9373644597525195,
    0.9386401326699834,
    0.9376514861589489,
    0.9380022962112514,
    0.939150401836969,
    0.9383531062635541,
    0.939309860951652,
    0.9393736445975251,
    0.9379385125653782,
    0.9392141854828422,
    0.9379704043883148,
    0.9396925628268912,
    0.9383531062635541,
    0.9389271590764128,
    0.9389590508993494,
    0.9392779691287154,
    0.9384168899094272,
    0.9385763490241102,
    0.9405855338691159,
    0.9397244546498278,
    0.9401709401709402,
    0.9392141854828422,
    0.9371731088148999,
    0.9401390483480035,
    0.939788238295701,
    0.9411595866819747,
    0.9398201301186376,
    0.9389590508993494
  ],
  "training_time_sec": 612.2640480995178
}