{
  "EVI": {
    "mean": 0.40333184599876404,
    "std": 0.1952146738767624
  },
  "NDVI": {
    "mean": 0.551003098487854,
    "std": 0.3191940486431122
  },
  "evi_delta": {
    "mean": -0.013170095160603523,
    "std": 0.16708801686763763
  },
  "evi_delta2": {
    "mean": -0.026499470695853233,
    "std": 0.18102966248989105
  },
  "ndvi_delta": {
    "mean": -0.009924317710101604,
    "std": 0.38620659708976746
  },
  "ndvi_delta2": {
    "mean": -0.021676570177078247,
    "std": 0.42495808005332947
  },
  "day_length_hrs": {
    "mean": 11.916228294372559,
    "std": 2.1072781085968018
  },
  "doy_minus_avg_middle": {
    "mean": -11.365912437438965,
    "std": 58.538116455078125
  },
  "tmean_recent": {
    "mean": 12.18361759185791,
    "std": 9.469783782958984
  }
}