{
  "train_loss": [
    1.2071276582204378,
    0.6747483886205233,
    0.5811275641123453,
    0.5233859137082711,
    0.4864930961376581,
    0.4604025681813558,
    0.4426461588113736,
    0.4325848382252913,
    0.42083939680686366,
    0.41515947305239165,
    0.4069428864197853,
    0.4021962705330971,
    0.3939755841707572,
    0.387539437183967,
    0.3874581379768176,
    0.3811367215254368,
    0.37411618309143263,
    0.3705062400072049,
    0.36702011945920116,
    0.36475092325455105,
    0.36240793955631745,
    0.35700316688953304,
    0.3548653691242903,
    0.3501855914409344,
    0.3497051161069136,
    0.3481867321026631,
    0.34807945978947175,
    0.3429584365624648,
    0.3398549144084637,
    0.3393122263443776,
    0.33534976075857115,
    0.3297714950182499,
    0.33360480383420604,
    0.3309971797160613,
    0.32807350158691406,
    0.33002557739233357,
    0.3230104622168419,
    0.3249386655978667,
    0.32277897535226285,
    0.3197044122677583,
    0.3157352893016277,
    0.31495114549612385,
    0.31536869208017987,
    0.31414047953410024,
    0.3126851106301332,
    0.31065754477794355,
    0.3084662751509593,
    0.30868299076190364,
    0.30772102222992825,
    0.30934858551392186,
    0.3081442614396413,
    0.30152803124525607,
    0.3025742517067836,
    0.30097662218106097,
    0.3013507765837205,
    0.3011695780815222,
    0.3019989667794643,
    0.2946160863607358,
    0.29715613638743377,
    0.29775930826480573,
    0.29717088548036724,
    0.2923207141650029,
    0.2951228190691043,
    0.2963478504083095,
    0.2903143966045135,
    0.2901553939550351,
    0.28876902430485457,
    0.289220766379283,
    0.28796867835216033,
    0.2879303139753831,
    0.28742311207147747,
    0.28855495078441423,
    0.2863931453380829,
    0.28740460788592315,
    0.28670783531971467,
    0.2811562892718193,
    0.2823970596759747,
    0.2845455293471997,
    0.28131482501824695,
    0.27958576686871356,
    0.2793318564311052,
    0.2773792136173982,
    0.2835845492589168,
    0.277186686029801,
    0.27816250232549816,
    0.2797592477156566,
    0.2765732094263419,
    0.2802978952725728,
    0.27798952544346833,
    0.2739590509579732,
    0.2712463488181432,
    0.2713369585764714,
    0.2715749117808464,
    0.26836552107945466,
    0.27065157126157713,
    0.26965368519990873,
    0.26814422393456483,
    0.26861289411019057,
    0.26365143328140944,
    0.27072328138045776
  ],
  "val_loss": [
    0.5439545346630944,
    0.4335656033621894,
    0.4075837168428633,
    0.38180121613873375,
    0.37321653796566856,
    0.3669014987018373,
    0.36289578013949925,
    0.37399647302097744,
    0.357961055305269,
    0.35753917031817967,
    0.3537110305494732,
    0.34977295332484776,
    0.35165202286508346,
    0.3458165145582623,
    0.34388819833596546,
    0.34173622892962563,
    0.3417665676938163,
    0.3396801170375612,
    0.3342456983195411,
    0.3363251851664649,
    0.3309222161769867,
    0.33392978873517776,
    0.3309691730472777,
    0.32974951962629956,
    0.32468709349632263,
    0.32380195955435437,
    0.3322165045473311,
    0.31999867657820386,
    0.3221123367547989,
    0.32124046319060856,
    0.313033863902092,
    0.31763680113686454,
    0.3099485966894362,
    0.30642949872546726,
    0.3091478993495305,
    0.3093203918801414,
    0.3150119202004539,
    0.3153633822997411,
    0.3049380083878835,
    0.29877322249942356,
    0.2985463953680462,
    0.29530655178758836,
    0.30305753151575726,
    0.29624148789379334,
    0.2945052418443892,
    0.2928169336583879,
    0.29364803930123645,
    0.2967960817946328,
    0.2900487143132422,
    0.2871619388461113,
    0.2886243247323566,
    0.2843376323580742,
    0.2848637741472986,
    0.28837820556428695,
    0.2854028700126542,
    0.28845448543628055,
    0.2800355694360203,
    0.2848303011722035,
    0.2812243476510048,
    0.27817970928218627,
    0.28582211749421227,
    0.27473678274287117,
    0.2753815096285608,
    0.2743663564324379,
    0.28163550545771915,
    0.27268383072482216,
    0.27042659206522834,
    0.2732836802800496,
    0.2696417164471414,
    0.2693946162859599,
    0.265888715783755,
    0.2652892611092991,
    0.26430267178350025,
    0.2631954318947262,
    0.26617373277743656,
    0.26580707397725845,
    0.26973271121581394,
    0.2671913430094719,
    0.25913498633437687,
    0.26693026307556367,
    0.2581545040011406,
    0.2622135637534989,
    0.25675839599635863,
    0.25542930016915005,
    0.2583721536729071,
    0.2552763480279181,
    0.2638933840725157,
    0.2563457836707433,
    0.25904052125083077,
    0.25478724224699867,
    0.2514931327766842,
    0.2523271193106969,
    0.2513607202304734,
    0.24989242520597246,
    0.2544985090692838,
    0.24743464009629357,
    0.24602754248513115,
    0.247395192583402,
    0.25847915311654407,
    0.24366364545292324
  ],
  "val_acc": [
    0.8626609442060086,
    0.886192097084505,
    0.8890039958561492,
    0.8925558679887524,
    0.8941838093828622,
    0.8947017907355336,
    0.8951457747521089,
    0.8951457747521089,
    0.8978836761876573,
    0.8983276602042326,
    0.8986236495486163,
    0.8985496522125204,
    0.898105668195945,
    0.8994376202456712,
    0.9001035962705343,
    0.8986236495486163,
    0.9013615509841646,
    0.8990676335651917,
    0.9026935030338907,
    0.9015835429924522,
    0.9021015243451236,
    0.90180553500074,
    0.9015095456563563,
    0.9029154950421785,
    0.9046174337723842,
    0.9036554684031375,
    0.9003995856149178,
    0.9052094124611514,
    0.90469143110848,
    0.9071333431996448,
    0.9081693059049875,
    0.9053574071333432,
    0.9090572739381382,
    0.9095012579547136,
    0.9092792659464259,
    0.9104632233239603,
    0.9082433032410833,
    0.907799319224508,
    0.9112771940210153,
    0.9142370874648512,
    0.9132751220956046,
    0.9145330768092349,
    0.9106112179961522,
    0.9145330768092349,
    0.9145330768092349,
    0.9157910315228652,
    0.9167529968921119,
    0.9146810714814266,
    0.9161610182033447,
    0.9176409649252627,
    0.9171229835725914,
    0.918972916974989,
    0.9191949089832766,
    0.9177889595974545,
    0.9186769276306053,
    0.9176409649252627,
    0.9203048690247151,
    0.920378866360811,
    0.9197868876720438,
    0.921858813082729,
    0.9198608850081397,
    0.9229687731241676,
    0.92111883972177,
    0.9208228503773864,
    0.918972916974989,
    0.9225247891075922,
    0.9246707118543732,
    0.9228207784519757,
    0.9243007251738937,
    0.9225247891075922,
    0.9240047358295101,
    0.9257806718958117,
    0.9259286665680035,
    0.9251886932070446,
    0.927112623945538,
    0.9242267278377978,
    0.9248187065265651,
    0.9266686399289625,
    0.9288885600118396,
    0.9265946425928666,
    0.9265946425928666,
    0.9276306052982093,
    0.9305165014059494,
    0.9297025307088945,
    0.9286665680035519,
    0.9282225839869764,
    0.927038626609442,
    0.9248187065265651,
    0.9289625573479354,
    0.9297765280449903,
    0.9290365546840313,
    0.9302945093976617,
    0.9285185733313601,
    0.9317744561195797,
    0.9275566079621134,
    0.9328104188249223,
    0.9324404321444428,
    0.9303685067337576,
    0.9299985200532781,
    0.9319964481278674
  ],
  "training_time_sec": 314.5917797088623
}