{
  "train_loss": [
    0.6303718682755245,
    0.3457486207565565,
    0.30906935672411756,
    0.2957958291085918,
    0.2763634004284827,
    0.26042834158693806,
    0.24852024119221763,
    0.23723213475071983,
    0.2314141911737035,
    0.2259348537145036,
    0.21596236677651995,
    0.21077004794994098,
    0.20373920744724489,
    0.19939835737930256,
    0.206365780130531,
    0.19070337093278264,
    0.1861481344683117,
    0.1811976625343387,
    0.17838824992434363,
    0.1771513345033935,
    0.176468922850791,
    0.17095979529150415,
    0.166018134087659,
    0.1639554168233711,
    0.15993625821357363,
    0.15890428557824554,
    0.15556487256891272,
    0.15818494667163055,
    0.15062426164578857,
    0.15081088998344508,
    0.1456779054878803,
    0.15751353349913372,
    0.1433227097385385,
    0.14120006008764333,
    0.13984440049428618,
    0.13929994889859404,
    0.137660944394851,
    0.1341060751609588,
    0.1304013068588932,
    0.13123651095822955,
    0.13041785464025615,
    0.12785590356320478,
    0.125809910926926,
    0.12417053828915853,
    0.12341910006290072,
    0.12293352952666498,
    0.1234693317098564,
    0.1224724736190244,
    0.11999433345339272,
    0.11708706048097503,
    0.11520662342899302,
    0.11622586092922126,
    0.11709767651189579,
    0.1128472238360496,
    0.11221216506000316,
    0.10867410963087269,
    0.11047748551609811,
    0.10910269450605585,
    0.10754100463530991,
    0.11127240424243252
  ],
  "val_loss": [
    0.41159678446619136,
    0.37345117722686966,
    0.34949080018620743,
    0.331768983680951,
    0.3213309767214875,
    0.3069428695659888,
    0.2917763081036116,
    0.28398249494402034,
    0.27012151597361816,
    0.2760133041363013,
    0.25157781651145533,
    0.2475653535833484,
    0.23971660788121976,
    0.2386701738363818,
    0.2308711454664406,
    0.22625545863258212,
    0.21486991173342654,
    0.21217364151226847,
    0.23266615463714851,
    0.2140284306124637,
    0.2025118199618239,
    0.20776192510598585,
    0.19815780359663462,
    0.19520358113866104,
    0.19280331032840828,
    0.19939250597044042,
    0.18935108557343483,
    0.19001825702817818,
    0.1985882932418271,
    0.1857637921838384,
    0.1823930940345714,
    0.18063911128985255,
    0.18946210569457003,
    0.17957917385195432,
    0.17944348034890076,
    0.18081409307686905,
    0.17635317480093554,
    0.1754461028858235,
    0.1752057536260078,
    0.1778004441998507,
    0.17292175500800736,
    0.17110689925520042,
    0.17679844698623606,
    0.16707783800206685,
    0.17247219266075836,
    0.17471411530124514,
    0.1705484335359774,
    0.17550004136405492,
    0.17113759956861796,
    0.17020051789126897,
    0.17110111662431768,
    0.16717403107567838,
    0.1702904624766425,
    0.17173938923760465,
    0.17893019397007792,
    0.17435971294578753,
    0.17131158493851362,
    0.16850841182627177,
    0.1725193493460354,
    0.1703295239100331
  ],
  "val_acc": [
    0.8957137389973211,
    0.8989348131139175,
    0.9047710167113152,
    0.9113407322362547,
    0.9145618063528511,
    0.9165390993749203,
    0.9192499043245312,
    0.9216736828677127,
    0.9284985329761449,
    0.9270952927669346,
    0.9305396096440872,
    0.9318790662074244,
    0.9322617680826636,
    0.9349725730322745,
    0.9356741931368797,
    0.9365671641791045,
    0.9424671514223752,
    0.9431368797040439,
    0.9386082408470469,
    0.9419887740783263,
    0.9454011991325424,
    0.9437428243398392,
    0.9471233575711188,
    0.9476974103839776,
    0.94814389590509,
    0.9469957902793724,
    0.9484309223115194,
    0.9497703788748565,
    0.9463260619977037,
    0.9493557851766807,
    0.9510460517923205,
    0.9518114555427988,
    0.9483671386656461,
    0.9527363184079602,
    0.9522260492409746,
    0.9519709146574818,
    0.9543628013777268,
    0.9527682102308968,
    0.9539800995024875,
    0.953310371220819,
    0.9547136114300293,
    0.9550325296593953,
    0.9538844240336778,
    0.9559892843474933,
    0.9556384742951907,
    0.9523217247097844,
    0.9548092868988391,
    0.9536930730960582,
    0.9558298252328103,
    0.9556065824722542,
    0.9561487434621763,
    0.9552557724199515,
    0.9546498277841562,
    0.9544265850235999,
    0.9538206403878046,
    0.9548092868988391,
    0.9557022579410639,
    0.9552557724199515,
    0.9556384742951907,
    0.9556384742951907
  ],
  "training_time_sec": 598.7303202152252
}