{
  "EVI": {
    "mean": 0.368699638669876,
    "std": 0.1576430754124541
  },
  "NDVI": {
    "mean": 0.5534575007746588,
    "std": 0.29412613348644645
  },
  "evi_delta": {
    "mean": -0.056636968325468946,
    "std": 0.16044437366050385
  },
  "evi_delta2": {
    "mean": -0.07279425889444004,
    "std": 0.1734623994381138
  },
  "ndvi_delta": {
    "mean": -0.0793747221988805,
    "std": 0.36699693819498186
  },
  "ndvi_delta2": {
    "mean": -0.07254731408586791,
    "std": 0.4067342825867228
  },
  "day_length_hrs": {
    "mean": 11.488708339876279,
    "std": 1.596424389074513
  },
  "doy_minus_avg_middle": {
    "mean": -2.5849791434308553,
    "std": 44.40849136023632
  },
  "tmean_recent": {
    "mean": 11.783015935592598,
    "std": 7.700788406722119
  },
  "mode_label_7day": {
    "mean": 0.7016072676450035,
    "std": 1.1103963786052804
  }
}