{
  "EVI": {
    "mean": 0.37722831950778235,
    "std": 0.15556906246526062
  },
  "NDVI": {
    "mean": 0.545103174939945,
    "std": 0.2959682762044882
  },
  "evi_delta": {
    "mean": -0.056088229155270466,
    "std": 0.1584516224352925
  },
  "evi_delta2": {
    "mean": -0.0720276528376527,
    "std": 0.1699490179346067
  },
  "ndvi_delta": {
    "mean": -0.07525152736079233,
    "std": 0.36835202674661593
  },
  "ndvi_delta2": {
    "mean": -0.07917253745372392,
    "std": 0.4211814211678194
  },
  "day_length_hrs": {
    "mean": 11.45710402965147,
    "std": 1.5875167574746454
  },
  "doy_minus_avg_middle": {
    "mean": -1.5521493664957844,
    "std": 42.99179620666651
  },
  "cdd_accumulated": {
    "mean": 25.303266683336123,
    "std": 65.82596679203299
  },
  "tmean_recent": {
    "mean": 11.18006095625629,
    "std": 8.05111367225426
  },
  "mode_label_7day": {
    "mean": 0.5502260170768458,
    "std": 1.0303025012831684
  }
}