{
  "EVI": {
    "mean": 0.36528779030992864,
    "std": 0.15798962965970123
  },
  "NDVI": {
    "mean": 0.5681703109379005,
    "std": 0.29261014819864256
  },
  "evi_delta": {
    "mean": -0.05328907107117775,
    "std": 0.154252117941425
  },
  "evi_delta2": {
    "mean": -0.0738837224796979,
    "std": 0.17214177808980063
  },
  "ndvi_delta": {
    "mean": -0.06887409248225636,
    "std": 0.35266702690317825
  },
  "ndvi_delta2": {
    "mean": -0.06567132174437126,
    "std": 0.4111600908490641
  },
  "day_length_hrs": {
    "mean": 11.475695872631993,
    "std": 1.564274379932736
  },
  "doy_minus_avg_middle": {
    "mean": -1.991516115025053,
    "std": 43.81171173125517
  },
  "mode_label_7day": {
    "mean": 0.7446682464454977,
    "std": 1.121394835100823
  }
}