{
  "EVI": {
    "mean": 0.40270867943763733,
    "std": 0.19547319412231445
  },
  "NDVI": {
    "mean": 0.5503101348876953,
    "std": 0.318577378988266
  },
  "evi_delta": {
    "mean": -0.01324563380330801,
    "std": 0.16705724596977234
  },
  "evi_delta2": {
    "mean": -0.026714807376265526,
    "std": 0.18014727532863617
  },
  "ndvi_delta": {
    "mean": -0.009914686903357506,
    "std": 0.3857475221157074
  },
  "ndvi_delta2": {
    "mean": -0.021504057571291924,
    "std": 0.4233391582965851
  },
  "day_length_hrs": {
    "mean": 11.91204833984375,
    "std": 2.1073849201202393
  },
  "doy_minus_avg_middle": {
    "mean": -11.503217697143555,
    "std": 56.755767822265625
  },
  "tmean_recent": {
    "mean": 12.173958778381348,
    "std": 9.450894355773926
  }
}